Data;energia_ativa_f1;energia_ativa_f2;energia_ativa_f3;energia_ativa_total;energia_aparente_f1;energia_aparente_f2;energia_aparente_f3;energia_aparente_total;energia_reativa_f2;energia_reativa_f1;energia_reativa_f3;energia_reativa_total;fator_potencia_f1;fator_potencia_f2;fator_potencia_f3;Fator_Potencia_Total;potencia_aparente_f1;potencia_aparente_f2;potencia_aparente_f3;potencia_aparente_total;potencia_ativa_f1;potencia_ativa_f2;potencia_ativa_f3;potencia_ativa_total;potencia_reativa_f1;potencia_reativa_f2;potencia_reativa_f3;potencia_reativa_total;temperatura;tensao_f1_f2;tensao_f2_f3;tensao_f3_f1;angulo_tensao_f1;angulo_tensao_f2;angulo_tensao_f3
23/03/2022 10:59;0,005;0,001;0,001;0,007;0,006;0,005;0,003;0,014;0,004;0,002;0;0,006;0,84;0,2;0,38;0,52;1058;852;512;2422;889;168;197;1254;328;711;-86;953;24;440,29;439,94;440,11;0.0;119.7;-120.1
23/03/2022 10:59;0,005;0,001;0,001;0,007;0,006;0,005;0,003;0,014;0,004;0,002;0;0,006;0,84;0,19;0,39;0,52;1060;851;516;2427;889;166;200;1255;330;709;-89;950;24;440,11;439,77;439,94;0.0;119.7;-120.1
23/03/2022 10:58;0,005;0,001;0,001;0,007;0,006;0,005;0,003;0,014;0,004;0,002;0;0,006;0,83;0,19;0,39;0,52;1047;841;512;2400;876;164;201;1241;331;700;-83;948;24;440,11;439,77;439,94;0.0;119.7;-120.0
23/03/2022 10:57;0,005;0,001;0,001;0,007;0,006;0,005;0,003;0,014;0,004;0,002;0;0,006;0,83;0,18;0,4;0,51;1049;833;522;2404;867;149;209;1225;345;691;-86;950;24;439,59;439,07;439,59;0.0;119.7;-120.0
23/03/2022 10:56;0,005;0,001;0,001;0,007;0,006;0,005;0,003;0,014;0,004;0,002;0;0,006;0,83;0,19;0,4;0,51;1033;827;512;2372;857;155;203;1215;335;685;-80;940;24;438,38;438,04;438,56;0.0;119.8;-119.9
23/03/2022 10:55;0,005;0,001;0,001;0,007;0,006;0,005;0,003;0,014;0,004;0,002;0;0,006;0,83;0,19;0,4;0,52;1047;835;516;2398;873;163;205;1241;331;693;-85;939;24;439,07;438,73;439,25;0.0;119.8;-119.9
23/03/2022 10:54;0,005;0,001;0,001;0,007;0,006;0,005;0,003;0,014;0,004;0,002;0;0,006;0,84;0,21;0,38;0,52;1042;847;507;2396;877;180;191;1248;312;703;-78;937;24;437,86;437,69;437,69;0.0;119.7;-120.1
23/03/2022 10:54;0,005;0,001;0,001;0,007;0,006;0,005;0,003;0,014;0,004;0,002;0;0,006;0,83;0,19;0,39;0,51;1046;838;516;2400;872;162;200;1234;330;696;-86;940;24;438,04;437,52;438,04;0.0;119.8;-120.1
23/03/2022 10:53;0,005;0,001;0,001;0,007;0,006;0,005;0,003;0,014;0,004;0,002;0;0,006;0,85;0,21;0,38;0,52;1034;846;493;2373;874;180;187;1241;315;707;-74;948;24;439,07;438,9;439,25;0.0;119.8;-119.9
23/03/2022 10:52;0,005;0,001;0,001;0,007;0,006;0,005;0,003;0,014;0,004;0,002;0;0,006;0,84;0,2;0,38;0,52;1034;839;493;2366;873;167;187;1227;319;703;-82;940;24;438,9;438,73;438,56;0.0;119.8;-119.9
23/03/2022 10:51;0,005;0,001;0,001;0,007;0,006;0,005;0,003;0,014;0,004;0,002;0;0,006;0,84;0,19;0,39;0,52;1032;833;501;2366;865;161;194;1220;326;694;-81;939;24;438,38;437,86;438,21;0.0;119.8;-120.1
23/03/2022 10:50;0,005;0,001;0,001;0,007;0,006;0,005;0,003;0,014;0,004;0,002;0;0,006;0,84;0,2;0,39;0,52;1031;830;497;2358;867;164;194;1225;322;693;-83;932;24;437,34;437;437;0.0;119.8;-120.1
23/03/2022 10:49;0,005;0,001;0,001;0,007;0,006;0,005;0,003;0,014;0,004;0,002;0;0,006;0,85;0,21;0,38;0,53;1033;839;490;2362;877;179;187;1243;309;702;-81;930;24;437,86;437,52;437,34;0.0;119.8;-120.1
23/03/2022 10:48;0,005;0,001;0,001;0,007;0,006;0,005;0,003;0,014;0,004;0,002;0;0,006;0,85;0,22;0,37;0,53;1030;844;489;2367;876;188;184;1248;302;704;-76;930;24;437,69;437,52;437,17;0.0;119.8;-119.9
23/03/2022 10:47;0,005;0,001;0,001;0,007;0,006;0,005;0,003;0,014;0,004;0,002;0;0,006;0,84;0,21;0,38;0,52;1032;840;484;2370;871;180;191;1237;312;698;-77;929;24;437,17;436,48;437;0.0;119.8;-120.1
23/03/2022 10:46;0,005;0,001;0,001;0,007;0,006;0,005;0,003;0,014;0,004;0,002;0;0,006;0,84;0,22;0,38;0,52;1042;847;516;2405;872;183;197;1252;314;697;-74;937;24;437,86;437,69;437,69;0.0;119.7;-120.1
23/03/2022 10:45;0,005;0,001;0,001;0,007;0,006;0,005;0,003;0,014;0,004;0,002;0;0,006;0,84;0,21;0,37;0,52;1041;846;509;2396;873;175;190;1238;316;702;-78;940;24;438,04;437,69;437,86;0.0;119.8;-119.9
23/03/2022 10:44;0,005;0,001;0,001;0,007;0,006;0,005;0,003;0,014;0,004;0,002;0;0,006;0,83;0,2;0,38;0,51;1033;835;507;2375;863;164;191;1218;320;692;-81;931;24;437;436,82;436,65;0.0;119.8;-119.9
23/03/2022 10:42;0,005;0,001;0,001;0,007;0,006;0,005;0,003;0,014;0,004;0,002;0;0,006;0,84;0,19;0,38;0,51;1033;835;505;2373;864;161;191;1216;322;694;-83;933;24;437,17;436,82;436,65;0.0;119.7;-120.0
23/03/2022 10:42;0,005;0,001;0,001;0,007;0,006;0,005;0,003;0,014;0,004;0,002;0;0,006;0,83;0,19;0,39;0,51;1047;838;511;2396;874;155;197;1226;332;698;-89;941;24;438,38;438,04;437,86;0.0;119.7;-120.1
23/03/2022 10:41;0,005;0,001;0,001;0,007;0,006;0,005;0,003;0,014;0,004;0,002;0;0,006;0,84;0,22;0,38;0,52;1037;848;506;2391;872;182;190;1244;313;702;-73;942;24;438,38;438,38;438,21;0.0;119.8;-120.1
23/03/2022 10:40;0,005;0,001;0,001;0,007;0,006;0,005;0,003;0,014;0,004;0,002;0;0,006;0,84;0,21;0,39;0,52;1044;844;500;2388;881;176;195;1252;319;705;-81;943;24;439,42;439,25;439,59;0.0;119.8;-120.0
23/03/2022 10:39;0,005;0,001;0,001;0,007;0,006;0,005;0,003;0,014;0,004;0,002;0;0,006;0,84;0,2;0,4;0,52;1036;833;504;2373;869;169;201;1239;325;693;-80;938;24;438,21;438,04;438,38;0.0;119.8;-119.9
23/03/2022 10:38;0,005;0,001;0,001;0,007;0,006;0,005;0,003;0,014;0,004;0,002;0;0,006;0,84;0,19;0,39;0,52;1034;832;502;2368;866;160;197;1223;329;694;-82;941;24;438,9;438,73;439,07;0.0;119.8;-119.9
23/03/2022 10:37;0,005;0,001;0,001;0,007;0,006;0,005;0,003;0,014;0,004;0,002;0;0,006;0,84;0,18;0,39;0,51;1036;831;497;2364;869;153;193;1215;331;697;-88;940;24;438,9;438,38;438,73;0.0;119.8;-120.1
23/03/2022 10:36;0,005;0,001;0,001;0,007;0,006;0,005;0,003;0,014;0,004;0,002;0;0,006;0,84;0,2;0,4;0,52;1035;830;505;2370;866;162;199;1227;326;690;-84;932;24;438,38;437,86;438,21;0.0;119.7;-120.1
23/03/2022 10:35;0,005;0,001;0,001;0,007;0,006;0,005;0,003;0,014;0,004;0,002;0;0,006;0,85;0,21;0,39;0,53;1033;838;491;2362;875;178;192;1245;315;701;-78;938;24;439,07;438,9;438,9;0.0;119.7;-120.1
23/03/2022 10:34;0,005;0,001;0,001;0,007;0,006;0,005;0,003;0,014;0,004;0,002;0;0,006;0,85;0,2;0,38;0,52;1045;846;495;2386;884;171;186;1247;316;710;-87;939;24;439,07;438,56;438,9;0.0;119.8;-119.9
23/03/2022 10:33;0,005;0,001;0,001;0,007;0,006;0,005;0,003;0,014;0,004;0,002;0;0,006;0,84;0,19;0,38;0,52;1044;842;505;2391;876;162;194;1232;328;703;-85;946;23;439,94;439,59;440,11;0.0;119.8;-119.9
23/03/2022 10:32;0,005;0,001;0,001;0,007;0,006;0,005;0,003;0,014;0,004;0,002;0;0,006;0,84;0,2;0,38;0,52;1043;842;503;2388;879;171;193;1243;319;702;-84;937;24;439,07;438,56;438,73;0.0;119.7;-120.0
23/03/2022 10:31;0,005;0,001;0,001;0,007;0,006;0,005;0,003;0,014;0,004;0,002;0;0,006;0,84;0,2;0,38;0,52;1040;843;502;2385;875;171;193;1239;321;702;-80;943;24;439,94;439,59;439,77;0.0;119.8;-119.9
23/03/2022 10:30;0,005;0,001;0,001;0,007;0,006;0,005;0,003;0,014;0,004;0,002;0;0,006;0,83;0,18;0,38;0,51;1047;843;511;2401;872;151;193;1216;335;703;-88;950;24;440,11;439,59;439,59;0.0;119.8;-120.0
23/03/2022 10:29;0,005;0,001;0,001;0,007;0,006;0,005;0,003;0,014;0,004;0,002;0;0,006;0,83;0,18;0,38;0,51;1046;840;514;2400;870;152;193;1215;332;699;-89;942;24;438,38;438,21;438,04;0.0;119.7;-120.1
23/03/2022 10:28;0,005;0,001;0,001;0,007;0,006;0,005;0,003;0,014;0,004;0,002;0;0,006;0,83;0,21;0,38;0,52;1035;839;513;2387;864;173;196;1233;320;692;-75;937;23;438,21;438,21;438,38;0.0;119.8;-119.9
23/03/2022 10:27;0,005;0,001;0,001;0,007;0,006;0,005;0,003;0,014;0,004;0,002;0;0,006;0,84;0,2;0,37;0,52;1052;853;509;2414;886;174;190;1250;318;710;-85;943;23;439,59;439,42;439,25;0.0;119.8;-120.0
23/03/2022 10:26;0,005;0,001;0,001;0,007;0,006;0,005;0,003;0,014;0,004;0,002;0;0,006;0,84;0,2;0,38;0,51;1051;849;510;2410;882;167;192;1241;322;707;-86;943;23;439,42;438,9;438,9;0.0;119.7;-120.0
23/03/2022 10:25;0,005;0,001;0,001;0,007;0,006;0,005;0,003;0,014;0,004;0,002;0;0,006;0,84;0,21;0,38;0,52;1047;848;516;2411;876;176;195;1247;317;700;-79;938;23;438,56;438,21;438,21;0.0;119.7;-120.0
23/03/2022 10:23;0,005;0,001;0,001;0,007;0,006;0,005;0,003;0,014;0,004;0,002;0;0,006;0,83;0,21;0,39;0,51;1015;826;526;2367;839;174;206;1219;325;670;-61;934;23;438,38;437,52;437,52;0.0;119.8;-120.1
23/03/2022 10:23;0,005;0,001;0,001;0,007;0,006;0,005;0,003;0,014;0,004;0,002;0;0,006;0,83;0,2;0,39;0,52;1047;838;519;2404;872;167;204;1243;328;693;-82;939;23;438,56;438,21;438,9;0.0;119.7;-120.0
23/03/2022 10:22;0,005;0,001;0,001;0,007;0,006;0,005;0,003;0,014;0,004;0,002;0;0,006;0,83;0,19;0,39;0,51;1050;836;522;2408;874;159;203;1236;330;693;-89;934;23;438,04;437,52;438,04;0.0;119.7;-120.0
23/03/2022 10:21;0,005;0,001;0,001;0,007;0,006;0,005;0,003;0,014;0,004;0,002;0;0,006;0,84;0,2;0,4;0,52;1036;828;511;2375;867;169;205;1241;324;686;-81;929;23;436,82;436,65;436,82;0.0;119.7;-120.1
23/03/2022 10:20;0,005;0,001;0,001;0,007;0,006;0,005;0,003;0,014;0,004;0,002;0;0,006;0,83;0,19;0,4;0,52;1049;836;515;2400;875;159;203;1237;333;696;-87;942;23;439,07;438,73;438,9;0.0;119.7;-120.0
23/03/2022 10:19;0,005;0,001;0,001;0,007;0,006;0,005;0,003;0,014;0,004;0,002;0;0,006;0,84;0,19;0,4;0,52;1039;833;504;2376;869;159;201;1225;338;696;-82;934;23;440,29;437,17;440,11;0.0;119.8;-120.1
23/03/2022 10:19;0,005;0,001;0,001;0,007;0,006;0,005;0,003;0,014;0,004;0,002;0;0,006;0,84;0,19;0,41;0,52;1042;828;505;2375;874;159;206;1239;333;692;-88;937;23;439,25;438,73;439,07;0.0;119.7;-120.0
23/03/2022 10:18;0,005;0,001;0,001;0,007;0,006;0,005;0,003;0,014;0,004;0,002;0;0,006;0,83;0,18;0,41;0,51;1037;821;513;2371;859;146;211;1216;345;682;-86;941;23;438,9;438,56;439,07;0.0;119.7;-120.1
23/03/2022 10:17;0,005;0,001;0,001;0,007;0,006;0,005;0,003;0,014;0,004;0,002;0;0,006;0,83;0,19;0,4;0,52;1032;830;503;2365;862;159;199;1220;332;692;-79;945;23;439,59;439,25;439,77;0.0;119.8;-119.9
23/03/2022 10:16;0,005;0,001;0,001;0,007;0,006;0,005;0,003;0,014;0,004;0,002;0;0,006;0,84;0,2;0,38;0,52;1048;847;506;2401;882;169;193;1244;324;707;-84;947;23;439,59;439,25;439,59;0.0;119.8;-120.1
23/03/2022 10:14;0,005;0,001;0,001;0,007;0,006;0,005;0,003;0,014;0,004;0,002;0;0,006;0,84;0,21;0,39;0,52;1031;837;501;2369;868;177;195;1240;318;695;-75;938;23;438,73;438,21;438,04;0.0;119.8;-120.1
23/03/2022 10:13;0,005;0,001;0,001;0,007;0,006;0,005;0,003;0,014;0,004;0,002;0;0,006;0,84;0,2;0,39;0,52;1042;841;492;2375;880;165;192;1237;326;707;-84;949;23;439,59;439,25;439,25;0.0;119.8;-120.1
23/03/2022 10:12;0,005;0,001;0,001;0,007;0,006;0,005;0,003;0,014;0,004;0,002;0;0,006;0,85;0,2;0,38;0,52;1045;851;490;2386;888;174;185;1247;317;716;-83;950;23;440,29;440,11;439,94;0.0;119.7;-120.1
23/03/2022 10:11;0,005;0,001;0,001;0,007;0,006;0,005;0,003;0,014;0,004;0,002;0;0,006;0,85;0,2;0,37;0,52;1042;850;493;2385;884;171;183;1238;317;713;-84;946;23;439,59;438,56;439,07;0.0;119.8;-120.0
23/03/2022 10:10;0,005;0,001;0,001;0,007;0,006;0,005;0,003;0,014;0,004;0,002;0;0,006;0,84;0,19;0,4;0,52;1034;829;492;2355;871;157;196;1224;331;697;-86;942;23;438,73;438,04;438,56;0.0;119.8;-119.9
23/03/2022 10:09;0,005;0,001;0,001;0,007;0,006;0,005;0,003;0,014;0,004;0,002;0;0,006;0,83;0,19;0,4;0,51;1022;820;496;2345;854;155;198;1207;331;685;-80;936;23;438,38;438,04;438,38;0.0;119.8;-119.9
23/03/2022 10:08;0,005;0,001;0,001;0,007;0,006;0,005;0,003;0,014;0,004;0,002;0;0,006;0,84;0,18;0,38;0,51;1040;836;498;2374;871;149;192;1212;335;702;-88;949;23;440,29;439,94;439,94;0.0;119.8;-119.9
23/03/2022 10:08;0,005;0,001;0,001;0,007;0,006;0,005;0,003;0,014;0,004;0,002;0;0,006;0,84;0,18;0,39;0,51;1037;834;494;2365;871;152;192;1215;331;701;-88;944;23;438,9;438,73;438,56;0.0;119.8;-120.1
23/03/2022 10:07;0,005;0,001;0,001;0,007;0,006;0,005;0,003;0,014;0,004;0,002;0;0,006;0,84;0,2;0,39;0,52;1037;837;496;2370;873;164;192;1229;324;701;-84;941;23;438,21;437,86;437,69;0.0;119.8;-120.0
23/03/2022 10:07;0,005;0,001;0,001;0,007;0,006;0,005;0,003;0,014;0,004;0,002;0;0,006;0,84;0,19;0,39;0,52;1019;821;486;2326;857;156;191;1204;324;689;-83;930;23;437,17;436,82;436,82;0.0;119.7;-120.1
23/03/2022 10:06;0,005;0,001;0,001;0,007;0,006;0,005;0,003;0,014;0,004;0,002;0;0,006;0,84;0,21;0,39;0,52;1038;839;502;2379;874;174;194;1242;316;698;-81;933;23;436,82;436,48;436,82;0.0;119.7;-120.0
23/03/2022 10:05;0,005;0,001;0,001;0,007;0,006;0,005;0,003;0,014;0,004;0,002;0;0,006;0,84;0,21;0,39;0,52;1027;835;491;2353;867;174;190;1231;316;697;-76;937;23;437,69;437,34;437,86;0.0;119.7;-120.0
23/03/2022 10:04;0,005;0,001;0,001;0,007;0,006;0,005;0,003;0,014;0,004;0,002;0;0,006;0,83;0,21;0,38;0,52;1018;844;505;2367;848;180;193;1221;326;695;-51;970;23;437,69;437;436,82;0.0;119.8;-120.0
23/03/2022 10:03;0,005;0,001;0,001;0,007;0,006;0,005;0,003;0,014;0,004;0,002;0;0,006;0,83;0,19;0,38;0,51;1032;844;510;2386;854;159;194;1207;339;700;-64;975;23;437,69;437,52;437,17;0.0;119.7;-120.0
23/03/2022 10:02;0,005;0,001;0,001;0,007;0,006;0,005;0,003;0,014;0,004;0,002;0;0,006;0,81;0,17;0,4;0,5;1043;838;524;2405;850;144;210;1204;362;694;-65;991;23;438,04;437,52;437,86;0.0;119.7;-120.1
23/03/2022 10:01;0,005;0,001;0,001;0,007;0,006;0,005;0,003;0,014;0,004;0,002;0;0,006;0,81;0,18;0,4;0,5;1054;858;535;2447;856;155;212;1223;371;710;-47;1034;23;437,52;436,65;437;0.0;119.6;-120.1
23/03/2022 10:00;0,005;0,001;0,001;0,007;0,006;0,005;0,003;0,014;0,004;0,002;0;0,006;0,84;0,2;0,4;0,52;1042;839;504;2385;874;167;199;1240;327;700;-80;947;23;438,9;438,56;438,9;0.0;119.7;-120.1
23/03/2022 09:59;0,005;0,001;0,001;0,007;0,006;0,005;0,003;0,014;0,004;0,002;0;0,006;0,83;0,19;0,41;0,52;1038;826;512;2376;863;160;211;1234;337;685;-80;942;23;438,9;438,38;439,25;0.0;119.7;-120.1
23/03/2022 09:58;0,005;0,001;0,001;0,007;0,006;0,005;0,003;0,014;0,004;0,002;0;0,006;0,83;0,2;0,38;0,51;1040;853;507;2400;867;167;192;1226;334;711;-66;979;23;440,29;439,94;440,29;0.0;119.7;-119.9
23/03/2022 09:57;0,005;0,001;0,001;0,007;0,006;0,005;0,003;0,014;0,004;0,002;0;0,006;0,84;0,19;0,39;0,51;1029;844;492;2365;861;161;190;1212;338;709;-65;982;23;439,77;439,59;439,94;0.0;119.8;-119.9
23/03/2022 09:56;0,005;0,001;0,001;0,007;0,006;0,005;0,003;0,014;0,004;0,002;0;0,006;0,83;0,17;0,4;0,5;1044;840;508;2392;863;141;201;1205;359;706;-74;991;23;438,38;437,69;438,04;0.0;119.8;-120.0
23/03/2022 09:55;0,005;0,001;0,001;0,007;0,006;0,005;0,003;0,014;0,004;0,002;0;0,006;0,83;0,18;0,4;0,51;1037;840;497;2374;863;155;197;1215;346;706;-69;983;23;438,38;437,86;438,04;0.0;119.8;-119.9
23/03/2022 09:54;0,005;0,001;0,001;0,007;0,006;0,005;0,003;0,014;0,004;0,002;0;0,006;0,82;0,2;0,38;0,51;1019;845;519;2383;838;171;195;1204;339;694;-45;988;23;437,34;436,65;436,65;0.0;119.8;-119.9
23/03/2022 09:53;0,005;0,001;0,001;0,007;0,006;0,005;0,003;0,014;0,004;0,002;0;0,006;0,83;0,18;0,38;0,51;1035;843;498;2376;861;153;192;1206;344;707;-71;980;23;439,25;438,9;439,42;0.0;119.8;-119.9
23/03/2022 09:53;0,005;0,001;0,001;0,007;0,006;0,005;0,003;0,014;0,004;0,002;0;0,006;0,84;0,19;0,41;0,52;1015;819;477;2311;857;160;194;1211;328;691;-78;941;23;438,56;438,21;438,9;0.0;119.8;-119.9
23/03/2022 09:52;0,005;0,001;0,001;0,007;0,006;0,005;0,003;0,014;0,004;0,002;0;0,006;0,84;0,19;0,38;0,51;1036;851;497;2384;867;166;190;1223;338;714;-63;989;23;438,56;438,21;438,38;0.0;119.7;-120.0
23/03/2022 09:51;0,005;0,001;0,001;0,007;0,006;0,005;0,003;0,014;0,004;0,002;0;0,006;0,84;0,2;0,39;0,52;1041;849;494;2384;875;166;194;1235;338;716;-69;985;23;438,38;438,04;438,21;0.0;119.7;-120.0
23/03/2022 09:50;0,005;0,001;0,001;0,007;0,006;0,005;0,003;0,014;0,004;0,002;0;0,006;0,84;0,2;0,39;0,52;1041;852;502;2395;871;172;195;1238;336;713;-63;986;23;438,38;438,04;438,04;0.0;119.7;-120.1
23/03/2022 09:49;0,005;0,001;0,001;0,007;0,006;0,005;0,003;0,014;0,004;0,002;0;0,006;0,84;0,19;0,39;0,51;1041;850;496;2387;870;161;193;1224;345;717;-65;997;23;438,9;438,56;438,56;0.0;119.7;-120.1
23/03/2022 09:48;0,005;0,001;0,001;0,007;0,006;0,005;0,003;0,014;0,004;0,002;0;0,006;0,81;0,17;0,39;0,5;1051;852;527;2430;855;145;207;1207;371;710;-56;1025;23;438,56;437,86;438,56;0.0;119.7;-120.1
23/03/2022 09:47;0,005;0,001;0,001;0,007;0,006;0,005;0,003;0,014;0,004;0,002;0;0,006;0,81;0,17;0,4;0,5;1037;840;524;2401;843;145;207;1195;365;697;-54;1008;23;437,17;436,48;436,65;0.0;119.8;-120.1
23/03/2022 09:45;0,005;0,001;0,001;0,007;0,006;0,005;0,003;0,014;0,004;0,002;0;0,006;0,84;0,2;0,39;0,52;1020;830;486;2336;860;167;189;1216;319;694;-76;937;23;438,73;438,56;438,56;0.0;119.7;-120.1
23/03/2022 09:44;0,005;0,001;0,001;0,007;0,006;0,005;0,003;0,014;0,004;0,002;0;0,006;0,84;0,2;0,39;0,52;1032;836;491;2364;869;168;193;1230;323;699;-79;943;23;439,25;438,9;438,9;0.0;119.7;-120.1
23/03/2022 09:43;0,005;0,001;0,001;0,007;0,006;0,005;0,003;0,014;0,004;0,002;0;0,006;0,84;0,2;0,41;0,52;1034;824;502;2360;867;164;206;1237;329;687;-82;934;23;437,86;437,52;437,69;0.0;119.7;-120.0
23/03/2022 09:42;0,005;0,001;0,001;0,007;0,006;0,005;0,003;0,014;0,004;0,002;0;0,006;0,83;0,2;0,41;0,52;1029;824;509;2362;854;162;211;1227;341;684;-68;957;23;437,52;437,17;437,69;0.0;119.7;-120.1
23/03/2022 09:42;0,005;0,001;0,001;0,007;0,006;0,005;0,003;0,014;0,004;0,002;0;0,006;0,84;0,2;0,41;0,52;1036;832;496;2364;871;165;201;1237;330;697;-80;947;23;439,42;439,07;439,59;0.0;119.7;-120.0
23/03/2022 09:41;0,005;0,001;0,001;0,007;0,006;0,005;0,003;0,014;0,004;0,002;0;0,006;0,82;0,18;0,41;0,51;1038;838;512;2388;856;154;207;1217;356;700;-61;995;23;439,07;438,56;439,25;0.0;119.7;-120.0
23/03/2022 09:40;0,005;0,001;0,001;0,007;0,006;0,005;0,003;0,014;0,004;0,002;0;0,006;0,81;0,15;0,41;0,5;1058;839;530;2427;861;129;215;1205;378;700;-77;1001;23;439,07;438,21;438,73;0.0;119.7;-120.1
23/03/2022 09:39;0,005;0,001;0,001;0,007;0,006;0,005;0,003;0,014;0,004;0,002;0;0,006;0,81;0,16;0,4;0,5;1049;838;525;2412;855;137;212;1204;369;698;-70;997;23;439,42;438,9;439,25;0.0;119.7;-120.1
23/03/2022 09:38;0,005;0,001;0,001;0,007;0,006;0,005;0,003;0,014;0,004;0,002;0;0,006;0,83;0,18;0,39;0,51;1040;839;512;2391;860;150;199;1209;345;699;-75;969;23;439,25;438,9;438,9;0.0;119.8;-120.0
23/03/2022 09:37;0,005;0,001;0,001;0,007;0,006;0,005;0,003;0,014;0,004;0,002;0;0,006;0,83;0,17;0,38;0,5;1045;854;504;2403;866;146;189;1201;352;717;-70;999;23;440,11;439,59;439,59;0.0;119.7;-120.0
23/03/2022 09:36;0,005;0,001;0,001;0,007;0,006;0,005;0,003;0,014;0,004;0,002;0;0,006;0,83;0,17;0,38;0,5;1053;856;511;2420;871;149;195;1215;356;719;-70;1005;23;440,29;439,77;439,94;0.0;119.8;-120.1
23/03/2022 09:35;0,005;0,001;0,001;0,007;0,006;0,005;0,003;0,014;0,004;0,002;0;0,006;0,83;0,21;0,37;0,51;1028;856;511;2395;857;183;190;1230;327;707;-50;984;23;438,04;437,34;436,65;0.0;119.7;-120.1
23/03/2022 09:34;0,005;0,001;0,001;0,007;0,006;0,005;0,003;0,014;0,004;0,002;0;0,006;0,83;0,19;0,39;0,51;1056;855;522;2433;872;160;203;1235;352;713;-66;999;23;438,56;437,86;438,21;0.0;119.8;-119.9
23/03/2022 09:34;0,005;0,001;0,001;0,007;0,006;0,005;0,003;0,014;0,004;0,002;0;0,006;0,83;0,19;0,39;0,51;1039;847;507;2393;862;161;198;1221;346;708;-62;992;23;439,07;438,56;438,9;0.0;119.8;-119.9
23/03/2022 09:33;0,005;0,001;0,001;0,007;0,006;0,005;0,003;0,014;0,004;0,002;0;0,006;0,83;0,19;0,38;0,51;1049;859;511;2419;871;163;194;1228;347;720;-62;1005;23;439,59;438,9;439,25;0.0;119.8;-120.0
23/03/2022 09:32;0,005;0,001;0,001;0,007;0,006;0,005;0,003;0,014;0,004;0,002;0;0,006;0,83;0,2;0,4;0,51;1021;836;508;2365;844;166;203;1213;348;694;-50;992;23;438,04;436,82;437;0.0;119.8;-120.0
23/03/2022 09:31;0,005;0,001;0,001;0,007;0,006;0,005;0,003;0,014;0,004;0,002;0;0,006;0,82;0,16;0,38;0,5;1053;853;516;2422;865;140;198;1203;363;715;-71;1007;23;439,59;439,07;439,07;0.0;119.7;-120.1
23/03/2022 09:30;0,005;0,001;0,001;0,007;0,006;0,005;0,003;0,014;0,004;0,002;0;0,006;0,84;0,18;0,37;0,51;1036;843;496;2375;868;153;185;1206;331;707;-82;956;24;440,46;440,46;440,29;0.0;119.7;-120.1
23/03/2022 09:29;0,005;0,001;0,001;0,007;0,006;0,005;0,003;0,014;0,004;0,002;0;0,006;0,84;0,2;0,38;0,52;1028;840;492;2360;865;169;186;1220;319;701;-75;945;24;439,77;439,59;440,11;0.0;119.7;-119.9
23/03/2022 09:28;0,005;0,001;0,001;0,007;0,006;0,005;0,003;0,014;0,004;0,002;0;0,006;0,83;0,2;0,38;0,51;1043;850;505;2398;870;167;193;1230;332;708;-68;972;24;439,25;438,21;438,73;0.0;119.7;-120.0
23/03/2022 09:27;0,005;0,001;0,001;0,007;0,006;0,005;0,003;0,014;0,004;0,002;0;0,006;0,84;0,19;0,39;0,52;1045;850;504;2399;875;165;197;1237;339;712;-70;981;24;439,42;438,56;438,9;0.0;119.7;-120.1
23/03/2022 09:26;0,005;0,001;0,001;0,007;0,006;0,005;0,003;0,014;0,004;0,002;0;0,006;0,82;0,17;0,39;0,5;1030;841;507;2378;843;142;199;1184;364;703;-52;1015;24;438,21;437,17;437,86;0.0;119.6;-120.0
23/03/2022 09:25;0,005;0,001;0,001;0,007;0,006;0,005;0,003;0,014;0,004;0,002;0;0,006;0,83;0,19;0,4;0,51;1035;843;506;2384;857;157;202;1216;352;706;-58;1000;24;439,42;439,25;439,42;0.0;119.6;-120.1
23/03/2022 09:24;0,005;0,001;0,001;0,007;0,006;0,005;0,003;0,014;0,004;0,002;0;0,006;0,82;0,17;0,39;0,5;1049;849;513;2411;865;148;202;1215;358;712;-67;1003;24;439,42;439,25;439,25;0.0;119.6;-120.1
23/03/2022 09:23;0,005;0,001;0,001;0,007;0,006;0,005;0,003;0,014;0,004;0,002;0;0,006;0,84;0,18;0,4;0,51;1052;851;501;2404;879;156;198;1233;347;718;-75;990;24;439,42;439,25;439,07;0.0;119.7;-120.1
23/03/2022 09:22;0,005;0,001;0,001;0,007;0,006;0,005;0,003;0,014;0,004;0,002;0;0,006;0,84;0,18;0,4;0,52;1050;847;496;2393;881;155;199;1235;347;716;-78;985;24;440,81;440,63;440,63;0.0;119.6;-120.0
23/03/2022 09:21;0,005;0,001;0,001;0,007;0,006;0,005;0,003;0,014;0,004;0,002;0;0,006;0,84;0,19;0,41;0,52;1042;838;489;2369;879;159;199;1237;336;708;-83;961;24;441,85;442,02;442,02;0.0;119.6;-120.1
23/03/2022 09:20;0,005;0,001;0,001;0,007;0,006;0,005;0,003;0,014;0,004;0,002;0;0,006;0,84;0,17;0,41;0,51;1038;827;492;2357;869;140;186;1208;345;699;-90;954;24;440,81;440,81;440,63;0.0;119.7;-120.1
23/03/2022 09:19;0,005;0,001;0,001;0,007;0,006;0,005;0,003;0,014;0,004;0,002;0;0,006;0,84;0,17;0,38;0,51;1043;843;486;2372;878;142;185;1205;340;715;-92;963;24;441,67;441,5;441,33;0.0;119.8;-120.0
23/03/2022 09:18;0,005;0,001;0,001;0,007;0,006;0,005;0,003;0,014;0,004;0,002;0;0,006;0,84;0,19;0,38;0,52;1048;848;493;2389;885;158;188;1231;330;716;-88;958;24;440,98;440,98;440,63;0.0;119.7;-120.1
23/03/2022 09:18;0,005;0,001;0,001;0,007;0,006;0,005;0,003;0,014;0,004;0,002;0;0,006;0,84;0,16;0,4;0,51;1030;826;484;2340;863;134;191;1188;344;700;-91;953;24;439,94;439,94;439,59;0.0;119.6;-120.2
23/03/2022 09:17;0,005;0,001;0,001;0,007;0,006;0,005;0,003;0,014;0,004;0,002;0;0,006;0,85;0,19;0,39;0,52;1038;838;486;2362;877;158;190;1225;329;708;-85;952;24;439,77;439,59;439,25;0.0;119.7;-120.1
23/03/2022 09:16;0,005;0,001;0,001;0,007;0,006;0,005;0,003;0,014;0,004;0,002;0;0,006;0,85;0,2;0,39;0,52;1030;836;479;2345;874;166;189;1229;322;705;-81;946;24;439,59;439,59;439,42;0.0;119.7;-120.1
23/03/2022 09:14;0,005;0,001;0,001;0,007;0,006;0,005;0,003;0,014;0,004;0,002;0;0,006;0,84;0,19;0,38;0,52;1034;838;485;2357;873;162;184;1219;320;704;-84;940;25;439,07;438,38;439,07;0.0;119.8;-120.1
23/03/2022 09:13;0,005;0,001;0,001;0,007;0,006;0,005;0,003;0,014;0,004;0,002;0;0,006;0,85;0,15;0,39;0,52;1031;833;494;2343;874;125;188;1220;327;705;-86;946;25;439,77;439,59;439,42;0.0;119.7;-120.1
23/03/2022 09:13;0,005;0,001;0,001;0,007;0,006;0,005;0,003;0,014;0,004;0,002;0;0,006;0,84;0,21;0,38;0,52;1025;841;487;2353;863;179;185;1227;311;701;-67;945;25;439,25;438,73;439,42;0.0;119.8;-120.1
23/03/2022 09:12;0,005;0,001;0,001;0,007;0,006;0,005;0,003;0,014;0,004;0,002;0;0,006;0,85;0,18;0,39;0,52;1037;835;489;2361;877;150;189;1216;330;704;-91;943;25;439,25;438,21;438,38;0.0;119.7;-120.1
23/03/2022 09:11;0,005;0,001;0,001;0,007;0,006;0,005;0,003;0,014;0,004;0,002;0;0,006;0,84;0,18;0,39;0,52;1030;831;483;2344;867;151;190;1208;334;703;-83;954;25;440,46;440,11;439,94;0.0;119.8;-120.1
23/03/2022 09:10;0,005;0,001;0,001;0,007;0,006;0,005;0,003;0,014;0,004;0,002;0;0,006;0,83;0,18;0,39;0,51;1034;831;499;2364;862;147;195;1204;339;696;-83;952;25;440,29;439,94;440,29;0.0;119.8;-120.0
23/03/2022 09:09;0,005;0,001;0,001;0,007;0,006;0,005;0,003;0,014;0,004;0,002;0;0,006;0,83;0,17;0,4;0,51;1026;824;492;2342;857;143;196;1196;343;693;-82;954;25;440,11;439,59;440,11;0.0;119.8;-120.0
23/03/2022 09:08;0,005;0,001;0,001;0,007;0,006;0,005;0,003;0,014;0,004;0,002;0;0,006;0,83;0,16;0,4;0,51;1035;824;494;2353;862;130;198;1190;352;697;-90;959;25;440,63;439,94;439,94;0.0;119.8;-120.0
23/03/2022 09:07;0,005;0,001;0,001;0,007;0,006;0,005;0,003;0,014;0,004;0,002;0;0,006;0,83;0,16;0,4;0,5;1022;821;492;2335;849;133;195;1177;348;690;-82;956;25;440,11;439,77;439,77;0.0;119.8;-120.1
23/03/2022 09:06;0,005;0,001;0,001;0,007;0,006;0,005;0,003;0,014;0,004;0,002;0;0,006;0,83;0,16;0,39;0,5;1024;823;492;2339;851;131;192;1174;347;692;-85;954;25;439,77;439,25;439,42;0.0;119.7;-120.1
23/03/2022 09:05;0,005;0,001;0,001;0,008;0,006;0,005;0,003;0,014;0,004;0,002;0;0,006;0,83;0,19;0,41;0,51;1043;835;509;2387;867;154;207;1228;348;698;-75;971;25;438,9;438,21;438,73;0.0;119.7;-120.1
23/03/2022 09:04;0,005;0,001;0,001;0,007;0,006;0,005;0,003;0,014;0,004;0,002;0;0,006;0,83;0,17;0,4;0,51;1028;822;500;2350;853;140;201;1194;346;687;-82;951;25;439,77;439,42;439,94;0.0;119.7;-120.0
23/03/2022 09:03;0,002;0;0,001;0,003;0,004;0,003;0,003;0,01;0,001;0,001;0;0,003;0,6;0,02;0,4;0,36;644;487;489;1620;387;9;194;590;224;227;-84;367;24;439,07;438,73;439,07;0.0;119.7;-120.1
23/03/2022 09:02;0,002;0;0,001;0,003;0,004;0,003;0,003;0,01;0,001;0,001;0;0,003;0,6;0,02;0,4;0,37;644;487;488;1619;387;9;195;591;229;231;-80;380;24;439,25;438,9;438,9;0.0;119.7;-120.1
23/03/2022 09:01;0,002;0;0,001;0,003;0,004;0,003;0,003;0,01;0,001;0,001;0;0,003;0,58;0;0,4;0,35;672;503;515;1690;388;-1;205;592;248;231;-81;398;23;439,25;438,56;438,73;0.0;119.7;-120.1
23/03/2022 09:01;0,002;0;0,001;0,003;0,004;0,003;0,003;0,01;0,001;0,001;0;0,003;0,6;0,01;0,4;0,36;647;488;493;1628;389;6;195;590;226;226;-89;363;23;438,9;438,38;438,56;0.0;119.7;-120.1
23/03/2022 09:00;0,002;0;0,001;0,003;0,004;0,003;0,003;0,01;0,001;0,001;0;0,003;0,59;0,01;0,4;0,36;660;497;498;1655;390;3;198;591;246;240;-75;411;23;439,59;439,25;439,25;0.0;119.7;-120.0
23/03/2022 08:59;0,002;0;0,001;0,003;0,004;0,003;0,003;0,01;0,001;0,001;0;0,003;0,6;0,02;0,38;0,36;650;499;489;1638;390;11;188;589;235;246;-70;411;23;439,77;439,25;439,59;0.0;119.8;-119.9
23/03/2022 08:58;0,002;0;0,001;0,003;0,004;0,003;0,003;0,01;0,001;0,001;0;0,003;0,58;0,01;0,4;0,35;665;504;507;1676;386;7;200;593;248;240;-67;421;23;439,59;438,73;439,42;0.0;119.8;-120.0
23/03/2022 08:57;0,005;0,001;0,001;0,007;0,006;0,005;0,003;0,014;0,004;0,002;0;0,006;0,82;0,17;0,39;0,5;1041;846;514;2401;852;141;201;1194;368;709;-59;1018;23;439,77;439,07;439,59;0.0;119.6;-120.0
23/03/2022 08:56;0,005;0,001;0,001;0,007;0,006;0,005;0,003;0,014;0,004;0,002;0;0,006;0,82;0,16;0,38;0,49;1047;862;516;2425;855;138;193;1186;372;723;-54;1041;23;441,5;440,98;440,98;0.0;119.6;-120.0
23/03/2022 08:55;0,005;0,001;0,001;0,007;0,006;0,005;0,003;0,014;0,004;0,002;0;0,006;0,83;0,17;0,39;0,5;1032;839;491;2362;860;142;190;1192;349;708;-75;982;23;441,85;441,67;441,67;0.0;119.6;-120.0
23/03/2022 08:54;0,005;0,001;0,001;0,007;0,006;0,005;0,003;0,014;0,004;0,002;0;0,006;0,83;0,17;0,41;0,51;1024;815;492;2331;852;138;203;1193;349;686;-83;952;23;439,77;439,25;439,77;0.0;119.8;-120.1
23/03/2022 08:53;0,005;0,001;0,001;0,007;0,006;0,005;0,003;0,014;0,004;0,002;0;0,006;0,83;0,17;0,41;0,51;1023;815;491;2329;852;136;199;1187;345;686;-87;944;23;439,25;438,56;439,42;0.0;119.8;-120.1
23/03/2022 08:52;0,005;0,001;0,001;0,007;0,006;0,005;0,003;0,014;0,004;0,002;0;0,006;0,82;0,17;0,4;0,5;1032;826;515;2373;845;136;207;1188;360;687;-72;975;23;439,07;438,56;439,07;0.0;119.7;-120.1
23/03/2022 08:51;0,005;0,001;0,001;0,007;0,006;0,005;0,003;0,014;0,004;0,002;0;0,006;0,84;0,19;0,4;0,52;1029;828;493;2350;864;157;195;1216;328;694;-83;939;23;438,9;438,56;438,56;0.0;119.7;-119.9
23/03/2022 08:50;0,005;0,001;0,001;0,007;0,006;0,005;0,003;0,014;0,004;0,002;0;0,006;0,84;0,19;0,4;0,52;1037;832;494;2363;872;155;196;1223;331;699;-87;943;24;439,42;439,07;438,9;0.0;119.7;-120.0
23/03/2022 08:49;0,005;0,001;0,001;0,007;0,006;0,005;0,003;0,014;0,004;0,002;0;0,006;0,84;0,19;0,4;0,52;1031;833;489;2353;868;159;193;1220;330;700;-81;949;24;440,11;439,94;439,77;0.0;119.8;-120.0
23/03/2022 08:48;0,005;0,001;0,001;0,007;0,006;0,005;0,003;0,014;0,004;0,002;0;0,006;0,83;0,19;0,38;0,51;1041;846;501;2388;869;159;193;1221;339;710;-73;976;24;439,42;439,07;439,25;0.0;119.7;-120.0
23/03/2022 08:47;0,005;0,001;0,001;0,007;0,006;0,005;0,003;0,015;0,004;0,002;0;0,006;0,82;0,18;0,4;0,51;1047;840;519;2406;862;149;209;1220;357;700;-70;987;24;438,38;437,69;438,21;0.0;119.7;-120.0
23/03/2022 08:46;0,005;0,001;0,001;0,007;0,006;0,005;0,003;0,014;0,004;0,002;0;0,006;0,83;0,18;0,4;0,51;1042;840;509;2388;864;135;203;1218;353;701;-70;987;24;438,56;437,86;437,17;0.0;119.7;-120.0
23/03/2022 08:45;0,005;0,001;0,001;0,007;0,006;0,005;0,003;0,014;0,004;0,002;0;0,006;0,83;0,19;0,39;0,51;1042;853;507;2402;865;161;195;1221;345;713;-62;996;24;439,42;439,07;438,9;0.0;119.7;-120.0
23/03/2022 08:45;0,005;0,001;0,001;0,007;0,006;0,005;0,003;0,014;0,004;0,002;0;0,006;0,81;0,16;0,4;0,49;1013;818;514;2345;821;130;205;1156;364;677;-60;981;24;438,9;438,73;439,42;0.0;119.7;-120.1
23/03/2022 08:44;0,005;0,001;0,001;0,007;0,006;0,005;0,003;0,014;0,004;0,002;0;0,006;0,82;0,18;0,4;0,51;1040;842;514;2396;857;155;206;1218;355;703;-60;998;24;439,07;438,56;439,07;0.0;119.7;-119.9
23/03/2022 08:44;0,005;0,001;0,001;0,007;0,006;0,005;0,003;0,014;0,004;0,002;0;0,006;0,8;0,15;0,4;0,49;1031;830;523;2384;829;122;211;1162;382;688;-58;1012;25;440,46;439,94;440,46;0.0;119.7;-120.0
23/03/2022 08:43;0,005;0,001;0,001;0,007;0,006;0,005;0,003;0,014;0,004;0,002;0;0,006;0,82;0,17;0,41;0,5;1050;842;523;2415;859;144;212;1215;369;704;-63;1010;24;439,25;438,73;438,9;0.0;119.7;-119.9
23/03/2022 08:42;0,005;0,001;0,001;0,007;0,006;0,005;0,003;0,014;0,004;0,002;0;0,006;0,81;0,18;0,4;0,5;1053;850;539;2442;852;150;216;1218;373;703;-52;1024;25;438,38;437,69;438,21;0.0;119.8;-120.1
23/03/2022 08:41;0,005;0,001;0,001;0,007;0,006;0,005;0,003;0,014;0,004;0,002;0;0,006;0,81;0,19;0,39;0,5;1037;851;531;2419;844;160;209;1213;365;701;-42;1024;25;439,25;438,04;438,21;0.0;119.8;-120.1
23/03/2022 08:39;0,005;0,001;0,001;0,007;0,006;0,005;0,003;0,014;0,004;0,002;0;0,006;0,83;0,18;0,41;0,52;1038;829;497;2364;867;148;203;1218;344;697;-84;957;25;440,81;440,63;440,98;0.0;119.7;-120.0
23/03/2022 08:38;0,005;0,001;0,001;0,007;0,006;0,005;0,003;0,014;0,004;0,002;0;0,006;0,84;0,18;0,39;0,51;1046;840;499;2385;876;153;197;1226;339;707;-85;961;25;440,29;440,11;439,94;0.0;119.7;-120.1
23/03/2022 08:37;0,005;0,001;0,001;0,007;0,006;0,005;0,003;0,014;0,004;0,002;0;0,006;0,84;0,19;0,39;0,52;1029;833;492;2354;864;161;194;1219;329;697;-78;948;25;439,42;439,42;439,25;0.0;119.8;-119.9
23/03/2022 08:36;0,005;0,001;0,001;0,007;0,006;0,005;0,003;0,014;0,004;0,002;0;0,006;0,83;0,19;0,4;0,51;1038;840;502;2380;863;157;202;1222;343;704;-70;977;25;439,42;439,25;439,59;0.0;119.7;-120.1
23/03/2022 08:35;0,005;0,001;0,001;0,007;0,006;0,005;0,003;0,014;0,004;0,002;0;0,006;0,83;0,17;0,38;0,5;1052;857;506;2415;872;149;194;1215;355;721;-69;1007;25;440,46;440,11;440,29;0.0;119.8;-120.1
23/03/2022 08:34;0,005;0,001;0,001;0,007;0,006;0,005;0,003;0,014;0,004;0,002;0;0,006;0,83;0,16;0,4;0,5;1047;843;504;2394;866;135;199;1200;364;712;-76;1000;25;439,94;439,25;439,59;0.0;119.7;-120.0
23/03/2022 08:33;0,002;0;0,001;0,003;0,004;0,003;0,003;0,01;0,001;0,001;0;0,003;0,59;0,05;0,37;0,36;652;520;504;1676;385;27;185;597;227;247;-57;417;25;440,29;439,42;438,73;0.0;119.8;-119.9
23/03/2022 08:32;0,002;0;0,001;0,003;0,004;0,003;0,003;0,01;0,001;0,001;0;0,003;0,61;0,04;0,38;0,37;640;491;483;1614;391;17;185;593;214;234;-83;365;24;440,81;440,63;440,29;0.0;119.7;-120.0
23/03/2022 08:31;0,002;0;0,001;0,003;0,004;0,003;0,003;0,01;0,001;0,001;0;0,003;0,58;0;0,39;0,35;679;513;514;1706;394;-1;199;592;255;249;-73;431;24;440,46;439,77;439,77;0.0;119.6;-120.1
23/03/2022 08:30;0,002;0;0,001;0,003;0,004;0,003;0,003;0,01;0,001;0,001;0;0,003;0,56;0;0,38;0,34;696;528;531;1755;391;0;203;594;263;251;-64;450;24;439,59;439,07;439,07;0.0;119.7;-120.0
23/03/2022 08:29;0,002;0;0,001;0,003;0,004;0,003;0,003;0,01;0,001;0,001;0;0,003;0,57;0,02;0,37;0,34;681;530;521;1732;387;11;192;590;251;255;-55;451;24;440,63;440,11;440,29;0.0;119.7;-120.0
23/03/2022 08:28;0,002;0;0,001;0,003;0,004;0,003;0,003;0,01;0,001;0,001;0;0,003;0,6;0,02;0,39;0,36;655;495;497;1647;394;8;194;596;226;232;-88;370;24;439,59;439,25;439,07;0.0;119.8;-120.0
23/03/2022 08:27;0,005;0,001;0,001;0,007;0,006;0,005;0,003;0,014;0,004;0,002;0;0,006;0,84;0,19;0,39;0,52;1025;830;494;2349;858;157;195;1210;332;694;-76;950;24;440,11;440,11;440,11;0.0;119.7;-119.9
23/03/2022 08:26;0,005;0,001;0,001;0,007;0,006;0,005;0,003;0,014;0,004;0,002;0;0,006;0,83;0,17;0,38;0,5;1044;849;508;2401;864;147;193;1204;350;711;-72;989;24;440,98;440,98;440,98;0.0;119.7;-120.1
23/03/2022 08:25;0,005;0,001;0,001;0,007;0,006;0,005;0,003;0,014;0,004;0,002;0;0,006;0,83;0,2;0,37;0,51;1009;839;501;2349;837;166;188;1191;332;693;-51;974;24;439,77;439,25;438,56;0.0;119.8;-120.1
23/03/2022 08:24;0,005;0,001;0,001;0,007;0,006;0,005;0,003;0,014;0,004;0,002;0;0,006;0,82;0,18;0,39;0,5;1024;837;513;2374;841;149;200;1190;355;694;-57;992;24;438,9;438,21;438,04;0.0;119.7;-120.1
23/03/2022 08:23;0,005;0,001;0,001;0,007;0,006;0,005;0,003;0,014;0,004;0,002;0;0,006;0,81;0,15;0,42;0,49;1043;824;529;2396;841;121;221;1183;384;685;-70;999;25;438,73;438,21;439,07;0.0;119.7;-120.1
23/03/2022 08:22;0,005;0,001;0,001;0,007;0,006;0,005;0,003;0,014;0,004;0,002;0;0,006;0,82;0,17;0,41;0,5;1026;822;512;2360;838;140;211;1189;363;684;-63;984;25;437,34;437;437,52;0.0;119.7;-120.1
23/03/2022 08:22;0,005;0,001;0,001;0,007;0,006;0,005;0,003;0,014;0,004;0,002;0;0,006;0,84;0,2;0,4;0,52;1017;819;482;2318;857;160;195;1212;325;688;-79;934;25;437,86;437,69;437,69;0.0;119.6;-120.1
23/03/2022 08:21;0,005;0,001;0,001;0,007;0,006;0,005;0,003;0,014;0,004;0,002;0;0,006;0,82;0,17;0,4;0,51;1035;831;507;2373;855;143;205;1203;358;699;-69;988;25;437,34;437;437,17;0.0;119.7;-120.1
23/03/2022 08:20;0,005;0,001;0,001;0,007;0,006;0,005;0,003;0,014;0,004;0,002;0;0,006;0,81;0,16;0,41;0,5;1031;820;513;2364;841;127;210;1178;369;686;-71;984;25;437;436,48;436,65;0.0;119.7;-120.1
23/03/2022 08:20;0,005;0,001;0,001;0,007;0,006;0,005;0,003;0,014;0,004;0,002;0;0,006;0,83;0,19;0,42;0,52;1018;810;499;2327;846;150;208;1204;338;675;-78;935;25;437,17;437;437,52;0.0;119.7;-120.1
23/03/2022 08:19;0,005;0,001;0,001;0,007;0,006;0,005;0,003;0,014;0,004;0,002;0;0,006;0,82;0,16;0,4;0,5;1026;823;510;2359;838;132;206;1176;363;687;-67;983;25;437,17;436,82;436,82;0.0;119.6;-120.1
23/03/2022 08:17;0,005;0,001;0,001;0,007;0,006;0,005;0,003;0,014;0,004;0,002;0;0,006;0,84;0,19;0,4;0,52;1025;826;492;2343;858;156;196;1210;334;693;-77;950;26;437,17;436,82;437,17;0.0;119.7;-120.1
23/03/2022 08:16;0,005;0,001;0,001;0,007;0,006;0,005;0,003;0,014;0,004;0,002;0;0,006;0,83;0,18;0,4;0,52;1018;814;493;2325;851;150;198;1199;331;681;-83;929;26;436,48;435,96;436,48;0.0;119.8;-119.9
23/03/2022 08:15;0,005;0,001;0,001;0,007;0,006;0,005;0,003;0,014;0,004;0,002;0;0,006;0,82;0,18;0,39;0,51;1051;851;514;2416;867;154;201;1222;355;713;-64;1004;26;436,82;435,96;435,78;0.0;119.7;-120.1
23/03/2022 08:15;0,005;0,001;0,001;0,007;0,006;0,005;0,003;0,014;0,004;0,002;0;0,006;0,81;0,13;0,39;0,48;1015;816;499;2330;822;107;196;1125;376;685;-71;990;26;437,17;436,82;436,65;0.0;119.7;-120.1
23/03/2022 08:14;0,005;0,001;0,001;0,007;0,006;0,005;0,003;0,014;0,004;0,002;0;0,006;0,82;0,18;0,38;0,5;1052;856;515;2423;869;156;198;1223;352;717;-63;1006;26;436,65;436,13;435,96;0.0;119.7;-120.2
23/03/2022 08:13;0,005;0,001;0,001;0,007;0,006;0,005;0,003;0,014;0,004;0,002;0;0,006;0,85;0,2;0,39;0,52;1029;831;481;2341;874;165;189;1228;320;702;-85;937;26;438,04;437,69;437,52;0.0;119.7;-120.0
23/03/2022 08:12;0,005;0,001;0,001;0,007;0,006;0,005;0,003;0,014;0,004;0,002;0;0,006;0,85;0,21;0,4;0,53;1021;824;487;2332;864;174;196;1234;316;689;-77;928;26;436,48;436,13;436,3;0.0;119.8;-120.0
23/03/2022 08:11;0,005;0,001;0,001;0,007;0,006;0,005;0,003;0,014;0,004;0,002;0;0,006;0,84;0,23;0,4;0,53;1003;821;488;2312;847;189;195;1231;308;680;-60;928;26;436,3;435,96;435,96;0.0;119.8;-120.0
23/03/2022 08:10;0,004;0;0,001;0,005;0,006;0,005;0,003;0,013;0,004;0,003;0;0,007;0,8;0,11;0,39;0,47;1004;809;504;2317;803;91;198;1092;385;674;-69;990;26;439,07;438,9;439,25;0.0;119.8;-120.0
23/03/2022 08:09;0,004;0;0,001;0,005;0,006;0,004;0,003;0,013;0,004;0,003;0;0,007;0,72;-0,05;0,38;0,37;946;769;505;2220;673;-36;192;829;478;622;-47;1053;25;437,69;437,17;436,48;0.0;119.7;-120.0
23/03/2022 08:08;0,004;0;0,001;0,005;0,006;0,005;0,003;0,013;0,004;0,003;0;0,006;0,73;-0,05;0,38;0,38;960;772;492;2224;699;-36;189;852;475;638;-61;1052;25;437,34;437,17;437,17;0.0;119.7;-120.0
23/03/2022 08:07;0,002;0;0,001;0,003;0,004;0,003;0,003;0,01;0,001;0,001;0;0,003;0,59;0,03;0,39;0,36;657;504;502;1663;385;14;194;593;236;240;-67;409;25;437,69;437,17;437,69;0.0;119.8;-120.0
23/03/2022 08:07;0,002;0;0,001;0,003;0,004;0,003;0,003;0,01;0,001;0,001;0;0,003;0,59;0,05;0,39;0,36;649;501;502;1652;381;23;195;599;225;229;-66;388;25;437,34;437,17;437,86;0.0;119.7;-119.9
23/03/2022 08:06;0,002;0;0,001;0,003;0,004;0,003;0,003;0,01;0,001;0,001;0;0,003;0,57;0,03;0,39;0,35;656;506;508;1670;378;16;196;590;238;236;-60;414;25;437;436,65;437,34;0.0;119.8;-120.0
23/03/2022 08:05;0,002;0;0,001;0,003;0,004;0,003;0,003;0,01;0,001;0,001;0;0,003;0,59;0,01;0,39;0,35;657;502;502;1661;385;7;194;586;238;237;-74;401;24;436,65;436,3;436,65;0.0;119.7;-120.1
23/03/2022 08:04;0,002;0;0,001;0,003;0,004;0,003;0,003;0,01;0,001;0,001;0;0,003;0,61;0,02;0,37;0,36;650;497;494;1641;395;10;184;589;217;235;-90;362;24;437,34;437,17;437;0.0;119.8;-120.1
23/03/2022 08:03;0,002;0;0,001;0,003;0,004;0,003;0,003;0,009;0,001;0,001;0;0,003;0,61;0,03;0,37;0,36;645;494;491;1630;392;15;183;590;213;233;-87;359;24;437,69;437,52;437,34;0.0;119.8;-119.9
23/03/2022 08:03;0,002;0;0,001;0,003;0,004;0,003;0,003;0,009;0,001;0,001;0;0,003;0,62;0,03;0,36;0,36;644;495;482;1621;401;16;174;591;207;243;-91;359;24;437,52;437,17;437;0.0;119.8;-120.0
23/03/2022 08:02;0,002;0;0,001;0,003;0,004;0,003;0,003;0,009;0,001;0,001;0;0,003;0,61;0,05;0,37;0,37;636;491;483;1610;389;22;179;590;206;234;-82;358;24;437,34;437;437,34;0.0;119.8;-119.9
23/03/2022 08:01;0,005;0,001;0,001;0,007;0,006;0,005;0,003;0,014;0,004;0,002;0;0,006;0,84;0,2;0,39;0,52;1012;817;494;2323;850;167;193;1210;312;678;-79;911;24;434,4;434,23;434,57;0.0;119.8;-120.0
23/03/2022 08:00;0,005;0,001;0,001;0,007;0,006;0,005;0,003;0,013;0,004;0,002;0;0,006;0,85;0,2;0,39;0,52;1020;822;484;2326;863;163;189;1215;315;689;-87;917;24;435,61;435,26;435,61;0.0;119.7;-120.1
23/03/2022 07:59;0,005;0,001;0,001;0,007;0,006;0,005;0,003;0,014;0,004;0,002;0;0,006;0,84;0,2;0,4;0,52;1015;816;486;2317;856;166;193;1215;314;682;-82;914;24;435,96;435,78;435,96;0.0;119.7;-120.0
23/03/2022 07:59;0,005;0,001;0,001;0,007;0,006;0,005;0,003;0,013;0,004;0,002;0;0,006;0,82;0,14;0,41;0,49;991;783;489;2263;810;108;200;1118;353;653;-87;919;24;435,61;435,44;435,61;0.0;119.8;-120.0
23/03/2022 07:58;0,005;0,001;0,001;0,007;0,006;0,005;0,003;0,014;0,004;0,002;0;0,006;0,84;0,19;0,42;0,52;1020;807;496;2323;853;152;207;1212;332;674;-86;920;25;434,92;434,57;435,26;0.0;119.6;-120.1
23/03/2022 07:57;0,005;0,001;0,001;0,007;0,006;0,005;0,003;0,014;0,004;0,002;0;0,006;0,84;0,19;0,4;0,52;1021;816;488;2325;860;155;195;1210;322;684;-89;917;25;435,78;435,44;435,44;0.0;119.7;-120.1
23/03/2022 07:56;0,005;0,001;0,001;0,007;0,006;0,005;0,003;0,014;0,004;0,002;0;0,006;0,85;0,2;0,37;0,52;1015;828;476;2319;862;168;178;1208;306;695;-83;918;25;435,61;435,44;435,26;0.0;119.8;-119.9
23/03/2022 07:55;0,005;0,001;0,001;0,007;0,006;0,005;0,003;0,014;0,004;0,002;0;0,006;0,84;0,19;0,39;0,52;1022;825;493;2340;858;161;192;1211;321;689;-81;929;25;436,48;436,3;436,48;0.0;119.8;-120.0
23/03/2022 07:54;0,005;0,001;0,001;0,007;0,006;0,005;0,003;0,014;0,004;0,002;0;0,006;0,82;0,16;0,39;0,5;1003;805;493;2301;826;126;193;1145;344;671;-81;934;25;436,48;436,13;436,13;0.0;119.7;-120.0
23/03/2022 07:54;0,005;0,001;0,001;0,007;0,006;0,005;0,003;0,013;0,004;0,002;0;0,006;0,84;0,19;0,39;0,52;1000;809;480;2289;840;152;188;1180;321;677;-78;920;25;435,96;435,78;435,78;0.0;119.7;-120.0
23/03/2022 07:53;0,005;0,001;0,001;0,007;0,006;0,005;0,003;0,014;0,004;0,002;0;0,006;0,82;0,16;0,4;0,5;996;799;489;2284;820;125;193;1138;343;667;-79;931;26;435,96;435,78;435,96;0.0;119.7;-120.0
23/03/2022 07:52;0,005;0,001;0,001;0,007;0,006;0,005;0,003;0,014;0,004;0,002;0;0,006;0,81;0,13;0,39;0,48;1020;825;497;2342;831;111;192;1134;372;694;-72;994;26;437,52;437;437;0.0;119.7;-120.0
23/03/2022 07:51;0,005;0,001;0,001;0,007;0,006;0,005;0,003;0,014;0,004;0,002;0;0,006;0,83;0,16;0,38;0,5;1001;809;486;2296;827;126;185;1138;341;678;-80;939;26;437,52;437,34;437,52;0.0;119.8;-120.0
23/03/2022 07:49;0,005;0,001;0,001;0,007;0,006;0,005;0,003;0,014;0,004;0,002;0;0,006;0,83;0,17;0,38;0,51;1016;820;488;2324;848;143;187;1178;331;688;-83;936;26;437,86;437,69;437,69;0.0;119.7;-120.0
23/03/2022 07:48;0,005;0,001;0,001;0,008;0,006;0,005;0,003;0,014;0,004;0,002;0;0,006;0,85;0,23;0,38;0,53;1039;848;490;2377;887;193;187;1267;300;708;-79;929;26;437,17;437,17;437,17;0.0;119.7;-120.0
23/03/2022 07:47;0,003;0;0,001;0,005;0,005;0,004;0,003;0,011;0,002;0,001;0;0,004;0,84;0,21;0,38;0,52;1049;852;506;2407;884;177;193;1254;317;709;-81;945;25;437,86;437,69;437,69;0.0;119.8;-120.1
23/03/2022 07:46;0,002;0;0,001;0,003;0,004;0,003;0,003;0,01;0,001;0,001;0;0,003;0,59;0,03;0,38;0,36;650;500;506;1656;381;16;193;590;217;221;-80;358;25;436,48;435,96;436,3;0.0;119.7;-119.9
23/03/2022 07:46;0,002;0;0,001;0,004;0,004;0,003;0,003;0,01;0,001;0,001;0;0,003;0,59;0,03;0,38;0,35;659;507;512;1678;386;15;193;594;219;225;-83;361;25;436,65;436,3;436,3;0.0;119.7;-120.0
23/03/2022 07:45;0,002;0;0,001;0,003;0,004;0,003;0,003;0,01;0,001;0,001;0;0,003;0,59;0,02;0,38;0,36;655;500;507;1662;386;11;194;591;221;223;-85;359;25;436,3;435,96;435,96;0.0;119.7;-120.0
23/03/2022 07:44;0,002;0;0,001;0,003;0,004;0,003;0,003;0,01;0,001;0,001;0;0,003;0,6;0,01;0,38;0,35;659;499;505;1663;393;5;191;589;224;230;-91;363;24;436,13;435,78;435,61;0.0;119.7;-120.0
23/03/2022 07:43;0,002;0;0,001;0,003;0,004;0,003;0,003;0,01;0,001;0,001;0;0,003;0,6;0,03;0,39;0,37;645;489;493;1627;388;15;191;594;216;225;-86;355;24;436,13;435,78;435,61;0.0;119.7;-120.0
23/03/2022 07:42;0,002;0;0,001;0,003;0,004;0,003;0,003;0,01;0,001;0,001;0;0,003;0,61;0,02;0,38;0,36;656;495;500;1651;398;8;190;596;220;231;-95;356;24;436,65;436,13;435,96;0.0;119.7;-120.1
23/03/2022 07:41;0,002;0;0,001;0,003;0,004;0,003;0,003;0,009;0,001;0,001;0;0,003;0,6;0,01;0,39;0,36;646;488;492;1626;390;7;190;587;221;227;-91;357;24;438,21;437,69;438,04;0.0;119.8;-120.1
23/03/2022 07:40;0,005;0,001;0,001;0,007;0,006;0,005;0,003;0,014;0,004;0,002;0;0,006;0,81;0,13;0,4;0,48;992;791;498;2281;801;99;199;1099;367;656;-78;945;24;437,34;436,82;437,86;0.0;119.8;-119.9
23/03/2022 07:39;0,005;0,001;0,001;0,007;0,006;0,005;0,003;0,014;0,004;0,002;0;0,006;0,81;0,13;0,41;0,49;994;790;496;2280;804;103;202;1109;369;658;-75;952;25;436,48;435,96;436,82;0.0;119.8;-120.0
23/03/2022 07:38;0,005;0,001;0,001;0,007;0,006;0,005;0,003;0,014;0,004;0,002;0;0,006;0,81;0,13;0,38;0,48;1003;811;502;2316;808;104;193;1105;371;675;-69;977;25;437,69;437,52;437,69;0.0;119.8;-119.9
23/03/2022 07:37;0,005;0,001;0,001;0,007;0,006;0,005;0,003;0,014;0,004;0,002;0;0,006;0,8;0,13;0,4;0,48;1008;812;506;2326;811;106;201;1118;377;675;-66;986;25;438,73;438,38;439,07;0.0;119.8;-119.9
23/03/2022 07:36;0,005;0,001;0,001;0,007;0,006;0,005;0,003;0,014;0,004;0,002;0;0,006;0,8;0,14;0,4;0,48;1004;810;509;2323;805;110;202;1117;374;669;-61;982;25;437,34;437,17;437,69;0.0;119.7;-120.0
23/03/2022 07:35;0,005;0,001;0,001;0,007;0,006;0,005;0,003;0,014;0,004;0,002;0;0,006;0,81;0,13;0,41;0,49;1011;810;505;2326;815;109;206;1130;382;678;-63;997;25;437,52;437;437,69;0.0;119.8;-120.0
23/03/2022 07:34;0,005;0,001;0,001;0,007;0,006;0,005;0,003;0,014;0,004;0,002;0;0,006;0,8;0,14;0,41;0,48;1022;819;516;2357;821;112;210;1143;386;682;-61;1007;26;438,21;437,86;438,38;0.0;119.7;-120.0
23/03/2022 07:33;0,005;0,001;0,001;0,007;0,006;0,005;0,003;0,013;0,004;0,002;0;0,006;0,8;0,13;0,38;0,47;1039;840;523;2402;832;107;201;1140;391;702;-61;1032;26;438,9;438,56;438,56;0.0;119.6;-120.0
23/03/2022 07:32;0,005;0,001;0,001;0,007;0,006;0,005;0,003;0,014;0,004;0,002;0;0,006;0,83;0,18;0,39;0,51;1048;850;505;2403;870;152;199;1221;355;715;-68;1002;26;438,9;438,73;438,73;0.0;119.7;-120.0
23/03/2022 07:31;0,005;0,001;0,001;0,007;0,006;0,005;0,003;0,014;0,004;0,002;0;0,006;0,83;0,18;0,39;0,51;1038;839;499;2376;865;152;196;1213;346;707;-72;981;26;436,65;436,13;436,13;0.0;119.6;-120.1
23/03/2022 07:30;0,005;0,001;0,001;0,007;0,006;0,005;0,003;0,013;0,004;0,002;0;0,006;0,84;0,2;0,39;0,52;1025;840;490;2355;858;165;191;1214;337;707;-60;984;26;436,13;435,78;435,78;0.0;119.7;-120.0